{"RuleTriggered": 0, "Violations": 0, "Details": {"Network": {"algo-1": {"max": 70347623.21, "p99": 138.32, "p95": 0, "p50": 0, "min": 0}}, "GPU": {"algo-1": {"max": 90.0, "p99": 85.62, "p95": 67.0, "p50": 0, "min": 0}}, "CPU": {"algo-1": {"max": 98.96, "p99": 97.03, "p95": 93.74, "p50": 65.27, "min": 26.24}}, "CPU memory": {"algo-1": {"max": 25.17, "p99": 22.75, "p95": 20.7, "p50": 20.23, "min": 6.44}}, "GPU memory": {"algo-1": {"max": 84.0, "p99": 81.0, "p95": 64.0, "p50": 0, "min": 0}}, "I/O": {"algo-1": {"max": 47.16, "p99": 42.71, "p95": 30.4, "p50": 0, "min": 0}}}, "Datapoints": 1019, "RuleParameters": ""}